Id,Data,Chuva,Tempmin,Tempmax
1,01/01/2019,0,22,34
2,02/01/2019,0,20,32
3,03/01/2019,23,23,33
4,04/01/2019,26,21,32
5,05/01/2019,0,22,36
6,06/01/2019,0,23,33
7,07/01/2019,24,21,33
8,08/01/2019,23,24,33
9,09/01/2019,0,22,36
10,10/01/2019,0,23,32
11,11/01/2019,7,20,36
12,12/01/2019,7,21,32
13,13/01/2019,0,24,36
14,14/01/2019,0,24,33
15,15/01/2019,1,20,34
16,16/01/2019,23,22,36
17,17/01/2019,0,24,32
18,18/01/2019,0,23,32
19,19/01/2019,17,21,32
20,20/01/2019,25,23,32
21,21/01/2019,0,21,35
22,22/01/2019,0,21,35
23,23/01/2019,3,22,35
24,24/01/2019,16,24,33
25,25/01/2019,0,23,32
26,26/01/2019,0,24,36
27,27/01/2019,23,20,32
28,28/01/2019,14,23,33
29,29/01/2019,0,20,33
30,30/01/2019,0,22,35
31,31/01/2019,7,24,35
32,01/02/2019,24,20,34
33,02/02/2019,0,23,34
34,03/02/2019,0,23,32
35,04/02/2019,18,23,32
36,05/02/2019,23,20,33
37,06/02/2019,0,24,34
38,07/02/2019,0,23,33
39,08/02/2019,6,21,32
40,09/02/2019,16,24,32
41,10/02/2019,0,21,34
42,11/02/2019,0,20,35
43,12/02/2019,29,23,32
44,13/02/2019,19,20,34
45,14/02/2019,0,24,35
46,15/02/2019,0,20,35
47,16/02/2019,2,23,36
48,17/02/2019,2,20,33
49,18/02/2019,0,23,33
50,19/02/2019,0,24,34
51,20/02/2019,10,24,32
52,21/02/2019,1,24,35
53,22/02/2019,0,20,34
54,23/02/2019,0,24,34
55,24/02/2019,20,23,36
56,25/02/2019,10,22,33
57,26/02/2019,0,22,33
58,27/02/2019,0,20,32
59,28/02/2019,3,22,36
60,01/03/2019,4,22,33
61,02/03/2019,0,21,35
62,03/03/2019,0,20,34
63,04/03/2019,1,24,35
64,05/03/2019,20,20,34
65,06/03/2019,0,24,33
66,07/03/2019,0,20,36
67,08/03/2019,20,23,35
68,09/03/2019,30,23,32
69,10/03/2019,0,23,36
70,11/03/2019,0,20,33
71,12/03/2019,20,24,35
72,13/03/2019,14,21,35
73,14/03/2019,0,21,36
74,15/03/2019,0,22,33
75,16/03/2019,6,24,34
76,17/03/2019,20,20,32
77,18/03/2019,0,21,36
78,19/03/2019,0,20,35
79,20/03/2019,19,24,33
80,21/03/2019,14,22,36
81,22/03/2019,0,21,34
82,23/03/2019,0,22,34
83,24/03/2019,7,20,35
84,25/03/2019,6,24,34
85,26/03/2019,0,20,35
86,27/03/2019,0,23,33
87,28/03/2019,3,20,32
88,29/03/2019,27,22,33
89,30/03/2019,0,21,35
90,31/03/2019,0,21,32
91,01/04/2019,20,21,36
92,02/04/2019,28,22,34
93,03/04/2019,0,21,33
94,04/04/2019,0,23,34
95,05/04/2019,14,24,33
96,06/04/2019,19,24,33
97,07/04/2019,0,23,35
98,08/04/2019,0,22,33
99,09/04/2019,8,20,32
100,10/04/2019,19,23,33
101,11/04/2019,0,23,36
102,12/04/2019,0,24,35
103,13/04/2019,17,20,35
104,14/04/2019,24,20,35
105,15/04/2019,0,24,35
106,16/04/2019,0,20,32
107,17/04/2019,25,20,35
108,18/04/2019,13,20,34
109,19/04/2019,0,21,34
110,20/04/2019,0,24,36
111,21/04/2019,24,20,32
112,22/04/2019,0,23,32
113,23/04/2019,0,20,34
114,24/04/2019,0,24,36
115,25/04/2019,1,22,32
116,26/04/2019,9,24,32
117,27/04/2019,0,23,32
118,28/04/2019,0,23,36
119,29/04/2019,3,21,36
120,30/04/2019,14,20,32
121,01/05/2019,0,16,22
122,02/05/2019,0,15,23
123,03/05/2019,18,15,23
124,04/05/2019,22,16,23
125,05/05/2019,0,15,24
126,06/05/2019,0,15,22
127,07/05/2019,9,14,24
128,08/05/2019,11,15,23
129,09/05/2019,0,16,22
130,10/05/2019,0,14,22
131,11/05/2019,1,14,22
132,12/05/2019,4,14,25
133,13/05/2019,0,14,23
134,14/05/2019,0,14,22
135,15/05/2019,4,14,22
136,16/05/2019,4,15,22
137,17/05/2019,0,14,22
138,18/05/2019,0,16,22
139,19/05/2019,12,16,25
140,20/05/2019,0,15,25
141,21/05/2019,0,15,23
142,22/05/2019,0,14,24
143,23/05/2019,27,16,24
144,24/05/2019,29,16,25
145,25/05/2019,0,16,22
146,26/05/2019,0,15,25
147,27/05/2019,14,15,24
148,28/05/2019,14,16,23
149,29/05/2019,0,14,25
150,30/05/2019,0,14,25
151,31/05/2019,2,14,24
152,01/06/2019,18,15,24
153,02/06/2019,0,15,22
154,03/06/2019,0,14,24
155,04/06/2019,3,16,25
156,05/06/2019,11,15,23
157,06/06/2019,0,16,22
158,07/06/2019,0,16,24
159,08/06/2019,25,14,22
160,09/06/2019,16,15,23
161,10/06/2019,0,14,25
162,11/06/2019,0,14,22
163,12/06/2019,27,14,22
164,13/06/2019,9,16,24
165,14/06/2019,0,15,24
166,15/06/2019,0,15,22
167,16/06/2019,21,14,23
168,17/06/2019,6,14,22
169,18/06/2019,0,16,25
170,19/06/2019,0,16,24
171,20/06/2019,17,16,23
172,21/06/2019,12,15,24
173,22/06/2019,0,16,22
174,23/06/2019,0,14,25
175,24/06/2019,28,16,25
176,25/06/2019,26,14,25
177,26/06/2019,0,16,22
178,27/06/2019,0,16,24
179,28/06/2019,17,15,22
180,29/06/2019,22,15,22
181,30/06/2019,0,16,25
182,01/07/2019,0,15,24
183,02/07/2019,18,14,24
184,03/07/2019,25,15,25
185,04/07/2019,0,16,25
186,05/07/2019,0,16,23
187,06/07/2019,7,15,25
188,07/07/2019,27,15,25
189,08/07/2019,0,14,23
190,09/07/2019,0,16,23
191,10/07/2019,0,16,24
192,11/07/2019,6,14,22
193,12/07/2019,0,15,24
194,13/07/2019,0,15,25
195,14/07/2019,2,14,25
196,15/07/2019,13,15,22
197,16/07/2019,0,14,25
198,17/07/2019,0,16,23
199,18/07/2019,25,15,22
200,19/07/2019,11,14,24
201,20/07/2019,0,14,25
202,21/07/2019,0,15,23
203,22/07/2019,9,15,22
204,23/07/2019,23,14,24
205,24/07/2019,0,15,22
206,25/07/2019,0,16,25
207,26/07/2019,18,15,22
208,27/07/2019,10,16,24
209,28/07/2019,0,15,25
210,29/07/2019,0,16,22
211,30/07/2019,15,14,24
212,31/07/2019,14,14,25
213,01/08/2019,0,14,24
214,02/08/2019,0,15,25
215,03/08/2019,25,15,24
216,04/08/2019,26,14,23
217,05/08/2019,0,14,25
218,06/08/2019,0,14,23
219,07/08/2019,2,15,24
220,08/08/2019,29,15,24
221,09/08/2019,0,14,23
222,10/08/2019,0,16,22
223,11/08/2019,13,14,25
224,12/08/2019,26,14,22
225,13/08/2019,0,14,24
226,14/08/2019,0,15,25
227,15/08/2019,26,16,23
228,16/08/2019,2,16,25
229,17/08/2019,0,15,23
230,18/08/2019,0,15,25
231,19/08/2019,29,15,22
232,20/08/2019,21,14,23
233,21/08/2019,0,14,22
234,22/08/2019,0,15,22
235,23/08/2019,24,15,22
236,24/08/2019,0,14,23
237,25/08/2019,0,15,25
238,26/08/2019,0,14,22
239,27/08/2019,10,16,25
240,28/08/2019,25,14,24
241,29/08/2019,0,14,25
242,30/08/2019,0,15,24
243,31/08/2019,3,15,25
244,01/09/2019,23,14,25
245,02/09/2019,0,15,24
246,03/09/2019,0,15,23
247,04/09/2019,23,15,23
248,05/09/2019,7,15,22
249,06/09/2019,0,16,22
250,07/09/2019,0,16,24
251,08/09/2019,6,15,24
252,09/09/2019,28,14,23
253,10/09/2019,0,14,25
254,11/09/2019,0,16,23
255,12/09/2019,26,14,23
256,13/09/2019,7,15,23
257,14/09/2019,0,15,22
258,15/09/2019,0,16,22
259,16/09/2019,1,16,23
260,17/09/2019,2,16,23
261,18/09/2019,0,14,25
262,19/09/2019,0,15,23
263,20/09/2019,30,15,23
264,21/09/2019,2,14,24
265,22/09/2019,0,16,22
266,23/09/2019,0,16,25
267,24/09/2019,4,16,24
268,25/09/2019,23,16,24
269,26/09/2019,0,15,25
270,27/09/2019,0,14,25
271,28/09/2019,29,14,23
272,29/09/2019,28,14,23
273,30/09/2019,0,15,23
274,01/10/2019,0,15,24
275,02/10/2019,24,16,25
276,03/10/2019,10,14,23
277,04/10/2019,0,14,24
278,05/10/2019,0,15,23
279,06/10/2019,15,15,25
280,07/10/2019,15,16,23
281,08/10/2019,0,16,24
282,09/10/2019,0,16,25
283,10/10/2019,6,14,25
284,11/10/2019,27,14,24
285,12/10/2019,0,14,23
286,13/10/2019,0,15,23
287,14/10/2019,19,15,22
288,15/10/2019,10,14,24
289,16/10/2019,0,16,23
290,17/10/2019,0,15,22
291,18/10/2019,15,14,22
292,19/10/2019,1,14,25
293,20/10/2019,0,16,24
294,21/10/2019,0,16,23
295,22/10/2019,13,14,23
296,23/10/2019,18,15,23
297,24/10/2019,0,14,24
298,25/10/2019,0,15,22
299,26/10/2019,30,15,22
300,27/10/2019,9,15,23
301,28/10/2019,0,14,22
302,29/10/2019,0,14,24
303,30/10/2019,1,16,24
304,31/10/2019,7,14,24
305,01/11/2019,0,23,36
306,02/11/2019,0,20,35
307,03/11/2019,0,24,33
308,04/11/2019,10,24,34
309,05/11/2019,0,24,33
310,06/11/2019,0,22,33
311,07/11/2019,4,20,35
312,08/11/2019,26,20,33
313,09/11/2019,0,20,35
314,10/11/2019,0,22,35
315,11/11/2019,17,22,35
316,12/11/2019,5,22,36
317,13/11/2019,0,22,35
318,14/11/2019,0,20,35
319,15/11/2019,28,24,34
320,16/11/2019,15,21,35
321,17/11/2019,0,22,34
322,18/11/2019,0,23,36
323,19/11/2019,23,24,35
324,20/11/2019,4,22,36
325,21/11/2019,0,23,35
326,22/11/2019,0,21,35
327,23/11/2019,3,23,36
328,24/11/2019,23,24,33
329,25/11/2019,0,22,32
330,26/11/2019,0,22,34
331,27/11/2019,25,21,33
332,28/11/2019,11,22,35
333,29/11/2019,0,24,35
334,30/11/2019,0,22,33
335,01/12/2019,7,21,33
336,02/12/2019,1,23,34
337,03/12/2019,0,24,33
338,04/12/2019,0,22,33
339,05/12/2019,6,20,33
340,06/12/2019,17,20,32
341,07/12/2019,0,21,34
342,08/12/2019,0,24,33
343,09/12/2019,3,22,32
344,10/12/2019,1,23,35
345,11/12/2019,0,22,34
346,12/12/2019,0,24,35
347,13/12/2019,12,21,33
348,14/12/2019,10,21,32
349,15/12/2019,0,23,35
350,16/12/2019,0,22,36
351,17/12/2019,11,23,32
352,18/12/2019,11,20,36
353,19/12/2019,0,22,36
354,20/12/2019,0,22,34
355,21/12/2019,0,21,36
356,22/12/2019,16,20,33
357,23/12/2019,0,22,34
358,24/12/2019,0,22,35
359,25/12/2019,27,20,33
360,26/12/2019,27,22,35
361,27/12/2019,0,23,33
362,28/12/2019,0,24,33
363,29/12/2019,29,22,35
364,30/12/2019,28,24,32
365,31/12/2019,0,20,33
366,01/01/2020,0,22,34
367,02/01/2020,11,20,35
368,03/01/2020,18,20,32
369,04/01/2020,0,24,33
370,05/01/2020,0,23,35
371,06/01/2020,3,23,34
372,07/01/2020,14,24,32
373,08/01/2020,0,20,34
374,09/01/2020,0,23,35
375,10/01/2020,18,24,33
376,11/01/2020,14,23,32
377,12/01/2020,0,20,35
378,13/01/2020,0,21,36
379,14/01/2020,12,24,34
380,15/01/2020,21,21,35
381,16/01/2020,0,24,35
382,17/01/2020,0,22,34
383,18/01/2020,21,22,32
384,19/01/2020,21,23,33
385,20/01/2020,0,21,34
386,21/01/2020,0,22,34
387,22/01/2020,18,21,32
388,23/01/2020,2,24,36
389,24/01/2020,0,23,35
390,25/01/2020,0,21,36
391,26/01/2020,4,23,34
392,27/01/2020,9,23,35
393,28/01/2020,0,24,35
394,29/01/2020,0,23,36
395,30/01/2020,21,24,36
396,31/01/2020,10,23,36
397,01/02/2020,0,20,32
398,02/02/2020,0,23,34
399,03/02/2020,30,23,33
400,04/02/2020,26,20,32
401,05/02/2020,0,24,33
402,06/02/2020,0,24,32
403,07/02/2020,13,20,34
404,08/02/2020,25,23,35
405,09/02/2020,0,23,34
406,10/02/2020,0,21,36
407,11/02/2020,12,24,33
408,12/02/2020,23,23,35
409,13/02/2020,0,20,35
410,14/02/2020,0,20,35
411,15/02/2020,16,22,35
412,16/02/2020,9,20,34
413,17/02/2020,0,23,35
414,18/02/2020,0,24,36
415,19/02/2020,19,20,34
416,20/02/2020,5,21,33
417,21/02/2020,0,24,32
418,22/02/2020,0,24,35
419,23/02/2020,8,24,35
420,24/02/2020,7,23,36
421,25/02/2020,0,22,34
422,26/02/2020,0,20,33
423,27/02/2020,5,22,34
424,28/02/2020,17,22,32
425,29/02/2020,0,20,34
426,01/03/2020,0,23,34
427,02/03/2020,11,22,32
428,03/03/2020,2,24,36
429,04/03/2020,0,21,33
430,05/03/2020,0,23,35
431,06/03/2020,14,24,33
432,07/03/2020,8,23,35
433,08/03/2020,0,24,32
434,09/03/2020,0,22,36
435,10/03/2020,14,21,36
436,11/03/2020,11,23,35
437,12/03/2020,0,23,35
438,13/03/2020,0,20,36
439,14/03/2020,16,22,33
440,15/03/2020,21,20,32
441,16/03/2020,0,22,33
442,17/03/2020,0,21,32
443,18/03/2020,29,24,33
444,19/03/2020,23,21,32
445,20/03/2020,0,20,32
446,21/03/2020,0,23,35
447,22/03/2020,30,22,34
448,23/03/2020,2,23,34
449,24/03/2020,0,24,33
450,25/03/2020,0,21,33
451,26/03/2020,18,23,33
452,27/03/2020,3,20,35
453,28/03/2020,0,22,35
454,29/03/2020,0,21,32
455,30/03/2020,3,24,34
456,31/03/2020,4,20,32
457,01/04/2020,0,24,35
458,02/04/2020,0,24,32
459,03/04/2020,20,24,34
460,04/04/2020,16,24,35
461,05/04/2020,0,22,36
462,06/04/2020,0,20,35
463,07/04/2020,8,21,35
464,08/04/2020,3,22,34
465,09/04/2020,0,22,36
466,10/04/2020,0,21,35
467,11/04/2020,2,22,32
468,12/04/2020,11,23,34
469,13/04/2020,0,22,35
470,14/04/2020,0,21,33
471,15/04/2020,1,24,32
472,16/04/2020,3,21,36
473,17/04/2020,0,23,32
474,18/04/2020,0,23,36
475,19/04/2020,4,24,34
476,20/04/2020,25,20,33
477,21/04/2020,0,20,33
478,22/04/2020,0,22,36
479,23/04/2020,20,24,36
480,24/04/2020,16,20,34
481,25/04/2020,0,21,34
482,26/04/2020,0,21,32
483,27/04/2020,27,20,35
484,28/04/2020,4,20,33
485,29/04/2020,0,23,32
486,30/04/2020,0,23,33
487,01/05/2020,30,16,23
488,02/05/2020,22,16,23
489,03/05/2020,0,14,24
490,04/05/2020,0,14,22
491,05/05/2020,3,16,24
492,06/05/2020,6,14,23
493,07/05/2020,0,16,22
494,08/05/2020,0,14,22
495,09/05/2020,6,16,23
496,10/05/2020,13,15,24
497,11/05/2020,0,14,24
498,12/05/2020,0,14,24
499,13/05/2020,18,15,22
500,14/05/2020,27,16,25
501,15/05/2020,0,15,25
502,16/05/2020,0,14,25
503,17/05/2020,0,15,25
504,18/05/2020,25,16,24
505,19/05/2020,0,14,22
506,20/05/2020,0,16,23
507,21/05/2020,12,14,23
508,22/05/2020,29,15,22
509,23/05/2020,0,14,22
510,24/05/2020,0,15,25
511,25/05/2020,30,14,24
512,26/05/2020,23,15,25
513,27/05/2020,0,16,24
514,28/05/2020,0,16,25
515,29/05/2020,10,16,22
516,30/05/2020,10,14,25
517,31/05/2020,0,16,22
518,01/06/2020,0,15,22
519,02/06/2020,10,16,22
520,03/06/2020,12,16,22
521,04/06/2020,0,14,24
522,05/06/2020,0,16,25
523,06/06/2020,15,15,22
524,07/06/2020,22,16,23
525,08/06/2020,0,14,24
526,09/06/2020,0,16,24
527,10/06/2020,11,15,25
528,11/06/2020,3,15,22
529,12/06/2020,0,16,22
530,13/06/2020,0,15,25
531,14/06/2020,29,14,25
532,15/06/2020,26,16,24
533,16/06/2020,0,16,23
534,17/06/2020,0,14,24
535,18/06/2020,20,14,25
536,19/06/2020,2,14,22
537,20/06/2020,0,16,23
538,21/06/2020,0,15,22
539,22/06/2020,11,15,22
540,23/06/2020,29,15,25
541,24/06/2020,0,14,24
542,25/06/2020,0,14,23
543,26/06/2020,12,14,23
544,27/06/2020,25,15,25
545,28/06/2020,0,16,25
546,29/06/2020,0,16,24
547,30/06/2020,28,15,25
548,01/07/2020,6,15,23
549,02/07/2020,0,14,23
550,03/07/2020,0,16,23
551,04/07/2020,25,15,24
552,05/07/2020,17,15,23
553,06/07/2020,0,14,23
554,07/07/2020,0,14,22
555,08/07/2020,27,14,22
556,09/07/2020,15,16,25
557,10/07/2020,0,14,22
558,11/07/2020,0,15,23
559,12/07/2020,28,15,23
560,13/07/2020,18,14,23
561,14/07/2020,0,16,22
562,15/07/2020,0,16,24
563,16/07/2020,13,15,24
564,17/07/2020,0,14,23
565,18/07/2020,0,16,23
566,19/07/2020,0,15,22
567,20/07/2020,15,14,23
568,21/07/2020,20,15,25
569,22/07/2020,0,15,25
570,23/07/2020,0,15,24
571,24/07/2020,7,14,23
572,25/07/2020,30,15,22
573,26/07/2020,0,15,25
574,27/07/2020,0,16,24
575,28/07/2020,2,14,24
576,29/07/2020,24,16,24
577,30/07/2020,0,16,25
578,31/07/2020,0,14,23
579,01/08/2020,20,16,24
580,02/08/2020,22,15,24
581,03/08/2020,0,16,24
582,04/08/2020,0,15,23
583,05/08/2020,5,14,24
584,06/08/2020,11,16,24
585,07/08/2020,0,14,22
586,08/08/2020,0,15,23
587,09/08/2020,17,14,25
588,10/08/2020,6,16,22
589,11/08/2020,0,16,24
590,12/08/2020,0,15,24
591,13/08/2020,12,15,25
592,14/08/2020,10,16,24
593,15/08/2020,0,14,25
594,16/08/2020,0,16,25
595,17/08/2020,15,14,24
596,18/08/2020,13,15,22
597,19/08/2020,0,15,25
598,20/08/2020,0,15,24
599,21/08/2020,14,15,22
600,22/08/2020,21,14,22
601,23/08/2020,0,16,24
602,24/08/2020,0,16,24
603,25/08/2020,28,15,25
604,26/08/2020,14,14,24
605,27/08/2020,0,14,24
606,28/08/2020,0,15,22
607,29/08/2020,10,15,22
608,30/08/2020,30,15,24
609,31/08/2020,0,14,22
610,01/09/2020,0,14,25
611,02/09/2020,25,16,25
612,03/09/2020,3,14,23
613,04/09/2020,0,14,25
614,05/09/2020,0,14,22
615,06/09/2020,20,15,22
616,07/09/2020,0,14,25
617,08/09/2020,0,16,24
618,09/09/2020,0,16,25
619,10/09/2020,24,16,24
620,11/09/2020,10,14,23
621,12/09/2020,0,16,22
622,13/09/2020,0,15,22
623,14/09/2020,2,16,23
624,15/09/2020,2,14,24
625,16/09/2020,0,14,25
626,17/09/2020,0,15,23
627,18/09/2020,6,14,25
628,19/09/2020,27,14,24
629,20/09/2020,0,14,25
630,21/09/2020,0,15,25
631,22/09/2020,13,14,25
632,23/09/2020,20,16,24
633,24/09/2020,0,14,22
634,25/09/2020,0,16,22
635,26/09/2020,29,16,25
636,27/09/2020,7,15,24
637,28/09/2020,0,14,24
638,29/09/2020,0,16,25
639,30/09/2020,26,14,23
640,01/10/2020,20,14,22
641,02/10/2020,0,15,22
642,03/10/2020,0,14,23
643,04/10/2020,27,14,22
644,05/10/2020,8,16,22
645,06/10/2020,0,15,23
646,07/10/2020,0,16,22
647,08/10/2020,27,16,23
648,09/10/2020,13,15,24
649,10/10/2020,0,14,24
650,11/10/2020,0,14,24
651,12/10/2020,16,16,22
652,13/10/2020,5,15,25
653,14/10/2020,0,16,22
654,15/10/2020,0,14,23
655,16/10/2020,23,14,25
656,17/10/2020,9,16,24
657,18/10/2020,0,15,22
658,19/10/2020,0,16,23
659,20/10/2020,4,15,22
660,21/10/2020,14,14,23
661,22/10/2020,0,15,24
662,23/10/2020,0,15,25
663,24/10/2020,4,15,24
664,25/10/2020,10,15,24
665,26/10/2020,0,14,22
666,27/10/2020,0,16,23
667,28/10/2020,3,15,23
668,29/10/2020,21,15,22
669,30/10/2020,0,16,23
670,31/10/2020,0,14,22
671,01/11/2020,10,21,33
672,02/11/2020,12,21,34
673,03/11/2020,0,24,35
674,04/11/2020,0,21,32
675,05/11/2020,9,22,36
676,06/11/2020,8,23,32
677,07/11/2020,0,22,35
678,08/11/2020,0,23,32
679,09/11/2020,7,21,32
680,10/11/2020,7,23,36
681,11/11/2020,0,20,32
682,12/11/2020,0,24,36
683,13/11/2020,26,24,33
684,14/11/2020,30,20,35
685,15/11/2020,0,23,33
686,16/11/2020,0,22,36
687,17/11/2020,11,23,34
688,18/11/2020,14,23,34
689,19/11/2020,0,23,36
690,20/11/2020,0,22,33
691,21/11/2020,21,20,36
692,22/11/2020,21,24,33
693,23/11/2020,0,23,36
694,24/11/2020,0,20,32
695,25/11/2020,9,22,32
696,26/11/2020,2,21,32
697,27/11/2020,0,20,36
698,28/11/2020,0,20,35
699,29/11/2020,28,22,34
700,30/11/2020,10,22,36
701,01/12/2020,0,21,35
702,02/12/2020,0,22,32
703,03/12/2020,29,20,33
704,04/12/2020,4,20,33
705,05/12/2020,0,24,32
706,06/12/2020,0,21,35
707,07/12/2020,7,20,33
708,08/12/2020,7,21,32
709,09/12/2020,0,22,36
710,10/12/2020,0,21,36
711,11/12/2020,10,23,32
712,12/12/2020,2,20,36
713,13/12/2020,0,22,33
714,14/12/2020,0,21,33
715,15/12/2020,30,21,33
716,16/12/2020,27,20,34
717,17/12/2020,0,23,35
718,18/12/2020,0,21,32
719,19/12/2020,24,22,34
720,20/12/2020,25,24,32
721,21/12/2020,0,24,35
722,22/12/2020,0,20,36
723,23/12/2020,14,23,34
724,24/12/2020,15,21,35
725,25/12/2020,0,22,35
726,26/12/2020,0,23,33
727,27/12/2020,0,24,32
728,28/12/2020,4,24,33
729,29/12/2020,0,22,34
730,30/12/2020,0,20,35
731,31/12/2020,25,24,35
732,01/01/2021,18,24,36
733,02/01/2021,0,20,35
734,03/01/2021,0,22,32
735,04/01/2021,9,23,35
736,05/01/2021,13,22,36
737,06/01/2021,0,24,32
738,07/01/2021,0,23,34
739,08/01/2021,26,22,35
740,09/01/2021,28,21,33
741,10/01/2021,0,23,32
742,11/01/2021,0,23,34
743,12/01/2021,1,20,35
744,13/01/2021,29,21,33
745,14/01/2021,0,21,36
746,15/01/2021,0,24,36
747,16/01/2021,18,24,36
748,17/01/2021,14,20,33
749,18/01/2021,0,24,32
750,19/01/2021,0,24,34
751,20/01/2021,27,24,36
752,21/01/2021,18,20,34
753,22/01/2021,0,20,33
754,23/01/2021,0,22,33
755,24/01/2021,10,24,33
756,25/01/2021,27,23,34
757,26/01/2021,0,22,36
758,27/01/2021,0,22,35
759,28/01/2021,14,24,34
760,29/01/2021,3,21,36
761,30/01/2021,0,23,35
762,31/01/2021,0,22,36
763,01/02/2021,14,24,33
764,02/02/2021,7,21,35
765,03/02/2021,0,20,36
766,04/02/2021,0,22,36
767,05/02/2021,13,24,36
768,06/02/2021,2,22,34
769,07/02/2021,0,24,35
770,08/02/2021,0,23,32
771,09/02/2021,23,24,32
772,10/02/2021,19,22,35
773,11/02/2021,0,21,32
774,12/02/2021,0,24,34
775,13/02/2021,0,23,33
776,14/02/2021,11,20,36
777,15/02/2021,0,21,34
778,16/02/2021,0,23,34
779,17/02/2021,5,22,35
780,18/02/2021,5,24,32
781,19/02/2021,0,24,33
782,20/02/2021,0,20,32
783,21/02/2021,20,24,34
784,22/02/2021,0,24,33
785,23/02/2021,0,22,33
786,24/02/2021,0,21,33
787,25/02/2021,12,24,32
788,26/02/2021,28,23,34
789,27/02/2021,0,20,32
790,28/02/2021,0,24,33
791,01/03/2021,4,21,33
792,02/03/2021,5,23,34
793,03/03/2021,0,24,35
794,04/03/2021,0,20,35
795,05/03/2021,7,20,36
796,06/03/2021,24,22,32
797,07/03/2021,0,23,36
798,08/03/2021,0,23,32
799,09/03/2021,12,24,33
800,10/03/2021,13,22,32
801,11/03/2021,0,22,32
802,12/03/2021,0,24,36
803,13/03/2021,9,22,32
804,14/03/2021,18,21,34
805,15/03/2021,0,24,33
806,16/03/2021,0,22,36
807,17/03/2021,15,23,35
808,18/03/2021,2,21,34
809,19/03/2021,0,21,34
810,20/03/2021,0,24,32
811,21/03/2021,20,22,35
812,22/03/2021,4,20,35
813,23/03/2021,0,24,34
814,24/03/2021,0,22,34
815,25/03/2021,13,22,35
816,26/03/2021,24,21,36
817,27/03/2021,0,21,36
818,28/03/2021,0,24,33
819,29/03/2021,12,20,32
820,30/03/2021,10,22,34
821,31/03/2021,0,21,34
822,01/04/2021,0,20,32
823,02/04/2021,17,20,36
824,03/04/2021,20,22,32
825,04/04/2021,0,21,34
826,05/04/2021,0,21,32
827,06/04/2021,24,21,35
828,07/04/2021,1,24,35
829,08/04/2021,0,24,35
830,09/04/2021,0,22,34
831,10/04/2021,28,24,33
832,11/04/2021,9,21,35
833,12/04/2021,0,20,35
834,13/04/2021,0,22,34
835,14/04/2021,20,20,32
836,15/04/2021,4,20,36
837,16/04/2021,0,20,36
838,17/04/2021,0,22,34
839,18/04/2021,6,23,35
840,19/04/2021,12,21,36
841,20/04/2021,0,20,36
842,21/04/2021,0,22,32
843,22/04/2021,4,22,36
844,23/04/2021,28,20,32
845,24/04/2021,0,22,34
846,25/04/2021,0,22,35
847,26/04/2021,15,22,36
848,27/04/2021,17,21,34
849,28/04/2021,0,23,36
850,29/04/2021,0,24,33
851,30/04/2021,26,23,36
852,01/05/2021,3,15,25
853,02/05/2021,0,16,24
854,03/05/2021,0,16,25
855,04/05/2021,21,16,22
856,05/05/2021,20,16,24
857,06/05/2021,0,15,23
858,07/05/2021,0,14,23
859,08/05/2021,9,16,23
860,09/05/2021,24,15,22
861,10/05/2021,0,15,25
862,11/05/2021,0,16,25
863,12/05/2021,2,16,24
864,13/05/2021,28,15,24
865,14/05/2021,0,16,23
866,15/05/2021,0,14,22
867,16/05/2021,6,15,24
868,17/05/2021,10,15,25
869,18/05/2021,0,14,22
870,19/05/2021,0,14,22
871,20/05/2021,18,15,23
872,21/05/2021,3,15,23
873,22/05/2021,0,15,23
874,23/05/2021,0,14,25
875,24/05/2021,27,14,22
876,25/05/2021,20,15,25
877,26/05/2021,0,16,25
878,27/05/2021,0,16,23
879,28/05/2021,14,16,22
880,29/05/2021,0,14,24
881,30/05/2021,0,14,23
882,31/05/2021,0,16,25
883,01/06/2021,29,14,24
884,02/06/2021,4,16,24
885,03/06/2021,0,15,23
886,04/06/2021,0,16,22
887,05/06/2021,13,14,24
888,06/06/2021,18,16,23
889,07/06/2021,0,16,24
890,08/06/2021,0,16,24
891,09/06/2021,15,14,22
892,10/06/2021,0,16,23
893,11/06/2021,0,15,23
894,12/06/2021,0,15,25
895,13/06/2021,12,15,25
896,14/06/2021,18,15,25
897,15/06/2021,0,14,23
898,16/06/2021,0,16,22
899,17/06/2021,10,16,22
900,18/06/2021,17,15,25
901,19/06/2021,0,16,25
902,20/06/2021,0,15,25
903,21/06/2021,14,16,24
904,22/06/2021,6,16,25
905,23/06/2021,0,14,25
906,24/06/2021,0,14,24
907,25/06/2021,6,16,24
908,26/06/2021,6,15,25
909,27/06/2021,0,14,22
910,28/06/2021,0,15,23
911,29/06/2021,3,15,23
912,30/06/2021,6,14,23
913,01/07/2021,0,16,24
914,02/07/2021,0,14,25
915,03/07/2021,28,16,23
916,04/07/2021,17,14,23
917,05/07/2021,0,16,22
918,06/07/2021,0,16,25
919,07/07/2021,16,16,23
920,08/07/2021,2,15,23
921,09/07/2021,0,14,25
922,10/07/2021,0,15,22
923,11/07/2021,6,16,23
924,12/07/2021,23,16,25
925,13/07/2021,0,15,23
926,14/07/2021,0,14,23
927,15/07/2021,22,16,22
928,16/07/2021,24,16,25
929,17/07/2021,0,15,25
930,18/07/2021,0,16,25
931,19/07/2021,27,16,25
932,20/07/2021,20,14,24
933,21/07/2021,0,15,24
934,22/07/2021,0,15,25
935,23/07/2021,28,16,23
936,24/07/2021,3,15,24
937,25/07/2021,0,16,25
938,26/07/2021,0,14,22
939,27/07/2021,6,15,25
940,28/07/2021,22,14,25
941,29/07/2021,0,16,25
942,30/07/2021,0,15,22
943,31/07/2021,28,15,25
944,01/08/2021,13,14,24
945,02/08/2021,0,16,22
946,03/08/2021,0,16,22
947,04/08/2021,10,15,25
948,05/08/2021,26,15,24
949,06/08/2021,0,16,22
950,07/08/2021,0,15,22
951,08/08/2021,3,14,25
952,09/08/2021,28,14,22
953,10/08/2021,0,16,25
954,11/08/2021,0,14,23
955,12/08/2021,15,14,23
956,13/08/2021,18,16,24
957,14/08/2021,0,14,25
958,15/08/2021,0,15,23
959,16/08/2021,8,15,23
960,17/08/2021,13,15,22
961,18/08/2021,0,14,24
962,19/08/2021,0,15,25
963,20/08/2021,22,15,22
964,21/08/2021,6,15,23
965,22/08/2021,0,15,22
966,23/08/2021,0,15,22
967,24/08/2021,13,16,23
968,25/08/2021,18,16,25
969,26/08/2021,0,14,24
970,27/08/2021,0,14,25
971,28/08/2021,9,16,22
972,29/08/2021,13,14,25
973,30/08/2021,0,14,24
974,31/08/2021,0,15,23
975,01/09/2021,1,15,22
976,02/09/2021,21,14,24
977,03/09/2021,0,15,25
978,04/09/2021,0,15,24
979,05/09/2021,3,16,25
980,06/09/2021,11,16,25
981,07/09/2021,0,16,23
982,08/09/2021,0,14,22
983,09/09/2021,0,14,25
984,10/09/2021,28,15,22
985,11/09/2021,0,15,24
986,12/09/2021,0,14,24
987,13/09/2021,2,14,25
988,14/09/2021,28,16,22
989,15/09/2021,0,15,25
990,16/09/2021,0,15,25
991,17/09/2021,25,14,22
992,18/09/2021,3,14,23
993,19/09/2021,0,16,25
994,20/09/2021,0,15,22
995,21/09/2021,4,14,24
996,22/09/2021,14,16,24
997,23/09/2021,0,15,24
998,24/09/2021,0,15,24
999,25/09/2021,22,14,25
1000,26/09/2021,20,16,25
1001,27/09/2021,0,16,24
1002,28/09/2021,0,15,22
1003,29/09/2021,21,16,23
1004,30/09/2021,6,15,22
1005,01/10/2021,0,16,23
1006,02/10/2021,0,16,22
1007,03/10/2021,4,14,25
1008,04/10/2021,26,14,25
1009,05/10/2021,0,15,23
1010,06/10/2021,0,16,23
1011,07/10/2021,1,14,25
1012,08/10/2021,7,14,23
1013,09/10/2021,0,16,25
1014,10/10/2021,0,16,25
1015,11/10/2021,6,15,25
1016,12/10/2021,3,16,23
1017,13/10/2021,0,15,24
1018,14/10/2021,0,16,25
1019,15/10/2021,20,15,25
1020,16/10/2021,16,14,22
1021,17/10/2021,0,15,25
1022,18/10/2021,0,16,24
1023,19/10/2021,6,14,22
1024,20/10/2021,5,15,23
1025,21/10/2021,0,16,23
1026,22/10/2021,0,14,23
1027,23/10/2021,13,16,23
1028,24/10/2021,7,16,23
1029,25/10/2021,0,14,24
1030,26/10/2021,0,15,23
1031,27/10/2021,10,16,22
1032,28/10/2021,19,16,23
1033,29/10/2021,0,15,22
1034,30/10/2021,0,16,22
1035,31/10/2021,18,15,25
1036,01/11/2021,22,20,35
1037,02/11/2021,0,22,35
1038,03/11/2021,0,22,33
1039,04/11/2021,23,22,35
1040,05/11/2021,17,23,32
1041,06/11/2021,0,21,36
1042,07/11/2021,0,23,32
1043,08/11/2021,8,22,34
1044,09/11/2021,4,21,32
1045,10/11/2021,0,22,35
1046,11/11/2021,0,23,35
1047,12/11/2021,17,22,33
1048,13/11/2021,1,23,36
1049,14/11/2021,0,24,32
1050,15/11/2021,0,24,32
1051,16/11/2021,16,20,35
1052,17/11/2021,5,23,36
1053,18/11/2021,0,23,36
1054,19/11/2021,0,20,33
1055,20/11/2021,7,20,35
1056,21/11/2021,20,21,33
1057,22/11/2021,0,24,35
1058,23/11/2021,0,22,34
1059,24/11/2021,13,22,35
1060,25/11/2021,5,23,32
1061,26/11/2021,0,22,36
1062,27/11/2021,0,24,33
1063,28/11/2021,16,24,35
1064,29/11/2021,26,23,34
1065,30/11/2021,0,24,32
1066,01/12/2021,0,23,36
1067,02/12/2021,3,21,36
1068,03/12/2021,14,23,34
1069,04/12/2021,0,23,34
1070,05/12/2021,0,23,33
1071,06/12/2021,21,20,35
1072,07/12/2021,0,20,34
1073,08/12/2021,0,23,35
1074,09/12/2021,0,24,33
1075,10/12/2021,5,20,34
1076,11/12/2021,10,24,35
1077,12/12/2021,0,20,33
1078,13/12/2021,0,21,34
1079,14/12/2021,3,20,34
1080,15/12/2021,11,23,36
1081,16/12/2021,0,22,34
1082,17/12/2021,0,24,35
1083,18/12/2021,0,20,36
1084,19/12/2021,4,24,34
1085,20/12/2021,0,22,33
1086,21/12/2021,0,20,35
1087,22/12/2021,21,23,35
1088,23/12/2021,15,24,34
1089,24/12/2021,0,24,33
1090,25/12/2021,0,20,34
1091,26/12/2021,2,20,34
1092,27/12/2021,24,24,32
1093,28/12/2021,0,22,35
1094,29/12/2021,0,23,34
1095,30/12/2021,14,24,34
1096,31/12/2021,2,20,33