Data,Clientes,Funcionarios,Chuva_mm
2019-01-01,1080,90,9
2019-01-02,360,90,18
2019-01-03,600,90,3
2019-01-04,600,90,7
2019-01-05,840,90,15
2019-01-06,1200,90,0
2019-01-07,600,90,0
2019-01-08,540,90,9
2019-01-09,600,90,0
2019-01-10,540,90,10
2019-01-11,600,90,0
2019-01-12,1200,90,0
2019-01-13,1080,90,8
2019-01-14,300,90,20
2019-01-15,600,90,0
2019-01-16,600,90,1
2019-01-17,600,90,0
2019-01-18,30,90,25
2019-01-19,1080,90,10
2019-01-20,60,90,29
2019-01-21,30,90,30
2019-01-22,480,90,13
2019-01-23,540,90,11
2019-01-24,540,90,8
2019-01-25,600,90,0
2019-01-26,1080,90,11
2019-01-27,1200,90,3
2019-01-28,600,90,0
2019-01-29,600,90,6
2019-01-30,600,90,0
2019-01-31,30,90,24
2019-02-01,600,90,0
2019-02-02,60,90,28
2019-02-03,60,90,29
2019-02-04,540,90,10
2019-02-05,600,90,0
2019-02-06,600,90,1
2019-02-07,480,90,13
2019-02-08,600,90,0
2019-02-09,1200,90,0
2019-02-10,1200,90,0
2019-02-11,600,90,0
2019-02-12,360,90,16
2019-02-13,600,90,0
2019-02-14,600,90,0
2019-02-15,600,90,0
2019-02-16,1200,90,0
2019-02-17,1200,90,0
2019-02-18,600,90,4
2019-02-19,600,90,0
2019-02-20,600,90,0
2019-02-21,600,90,0
2019-02-22,600,90,6
2019-02-23,1200,90,0
2019-02-24,60,90,28
2019-02-25,30,90,24
2019-02-26,600,90,0
2019-02-27,600,90,0
2019-02-28,600,90,0
2019-03-01,600,90,0
2019-03-02,1200,90,0
2019-03-03,720,90,16
2019-03-04,420,90,14
2019-03-05,600,90,0
2019-03-06,600,90,4
2019-03-07,600,90,6
2019-03-08,600,90,0
2019-03-09,60,90,30
2019-03-10,1200,90,0
2019-03-11,420,90,14
2019-03-12,540,90,11
2019-03-13,600,90,0
2019-03-14,30,90,28
2019-03-15,30,90,27
2019-03-16,1200,90,0
2019-03-17,1080,90,8
2019-03-18,600,90,5
2019-03-19,600,90,0
2019-03-20,600,90,7
2019-03-21,600,90,0
2019-03-22,600,90,0
2019-03-23,1080,90,10
2019-03-24,1200,90,0
2019-03-25,420,90,15
2019-03-26,600,90,1
2019-03-27,360,90,18
2019-03-28,30,90,25
2019-03-29,30,90,27
2019-03-30,1200,90,0
2019-03-31,1200,90,0
2019-04-01,600,90,5
2019-04-02,600,90,0
2019-04-03,540,90,11
2019-04-04,600,90,0
2019-04-05,30,90,23
2019-04-06,1200,90,0
2019-04-07,1200,90,0
2019-04-08,30,90,23
2019-04-09,480,90,13
2019-04-10,30,90,27
2019-04-11,600,90,0
2019-04-12,600,90,0
2019-04-13,1200,90,0
2019-04-14,1200,90,0
2019-04-15,30,90,28
2019-04-16,600,90,0
2019-04-17,600,90,0
2019-04-18,30,90,29
2019-04-19,1200,90,0
2019-04-20,1200,90,0
2019-04-21,60,90,24
2019-04-22,600,90,0
2019-04-23,600,90,0
2019-04-24,600,90,0
2019-04-25,600,90,0
2019-04-26,600,90,0
2019-04-27,720,90,16
2019-04-28,1200,90,0
2019-04-29,600,90,0
2019-04-30,600,90,0
2019-05-01,1200,90,0
2019-05-02,600,90,0
2019-05-03,600,90,0
2019-05-04,1200,90,0
2019-05-05,840,90,14
2019-05-06,360,90,18
2019-05-07,600,90,0
2019-05-08,600,90,0
2019-05-09,600,90,0
2019-05-10,360,90,18
2019-05-11,1200,90,0
2019-05-12,720,90,16
2019-05-13,600,90,0
2019-05-14,540,90,9
2019-05-15,540,90,10
2019-05-16,360,90,18
2019-05-17,540,90,9
2019-05-18,60,90,27
2019-05-19,1200,90,0
2019-05-20,600,90,0
2019-05-21,600,90,0
2019-05-22,600,90,0
2019-05-23,540,90,12
2019-05-24,420,90,14
2019-05-25,840,90,14
2019-05-26,1200,90,0
2019-05-27,600,90,0
2019-05-28,30,90,28
2019-05-29,600,90,2
2019-05-30,600,90,0
2019-05-31,600,90,0
2019-06-01,1200,90,0
2019-06-02,1200,90,0
2019-06-03,600,90,0
2019-06-04,600,90,0
2019-06-05,120,90,22
2019-06-06,600,90,0
2019-06-07,30,90,27
2019-06-08,1200,90,0
2019-06-09,1200,90,0
2019-06-10,600,90,0
2019-06-11,180,90,21
2019-06-12,600,90,0
2019-06-13,600,90,0
2019-06-14,120,90,22
2019-06-15,1200,90,0
2019-06-16,840,90,15
2019-06-17,540,90,8
2019-06-18,300,90,20
2019-06-19,360,90,17
2019-06-20,1200,90,3
2019-06-21,600,90,0
2019-06-22,1200,90,2
2019-06-23,1200,90,0
2019-06-24,600,90,0
2019-06-25,360,90,18
2019-06-26,30,90,23
2019-06-27,360,90,19
2019-06-28,30,90,30
2019-06-29,1200,90,0
2019-06-30,1200,90,0
2019-07-01,600,90,0
2019-07-02,600,90,0
2019-07-03,600,90,0
2019-07-04,600,90,0
2019-07-05,600,90,0
2019-07-06,1200,90,0
2019-07-07,60,90,24
2019-07-08,600,90,0
2019-07-09,600,90,0
2019-07-10,600,90,0
2019-07-11,600,90,0
2019-07-12,600,90,0
2019-07-13,1200,90,0
2019-07-14,1200,90,6
2019-07-15,600,90,0
2019-07-16,600,90,1
2019-07-17,30,90,28
2019-07-18,600,90,0
2019-07-19,600,90,0
2019-07-20,960,90,13
2019-07-21,1200,90,0
2019-07-22,600,90,0
2019-07-23,600,90,0
2019-07-24,600,90,0
2019-07-25,600,90,0
2019-07-26,480,90,13
2019-07-27,1200,90,0
2019-07-28,1200,90,0
2019-07-29,420,90,15
2019-07-30,480,90,13
2019-07-31,600,90,4
2019-08-01,120,90,22
2019-08-02,600,90,0
2019-08-03,1200,90,0
2019-08-04,60,90,29
2019-08-05,540,90,12
2019-08-06,600,90,5
2019-08-07,600,90,0
2019-08-08,600,90,0
2019-08-09,600,90,3
2019-08-10,60,90,30
2019-08-11,600,90,20
2019-08-12,180,90,21
2019-08-13,600,90,0
2019-08-14,360,90,16
2019-08-15,30,90,27
2019-08-16,600,90,0
2019-08-17,1200,90,0
2019-08-18,60,90,26
2019-08-19,600,90,0
2019-08-20,540,90,11
2019-08-21,600,90,0
2019-08-22,600,90,0
2019-08-23,360,90,18
2019-08-24,1200,90,0
2019-08-25,60,90,29
2019-08-26,360,90,19
2019-08-27,600,90,0
2019-08-28,30,90,25
2019-08-29,30,90,30
2019-08-30,600,90,0
2019-08-31,1200,90,0
2019-09-01,1200,90,0
2019-09-02,600,90,6
2019-09-03,180,90,21
2019-09-04,600,90,0
2019-09-05,600,90,0
2019-09-06,600,90,2
2019-09-07,1200,90,0
2019-09-08,1200,90,0
2019-09-09,600,90,0
2019-09-10,30,90,30
2019-09-11,600,90,0
2019-09-12,600,90,0
2019-09-13,420,90,15
2019-09-14,1200,90,0
2019-09-15,1200,90,0
2019-09-16,600,90,0
2019-09-17,30,90,30
2019-09-18,30,90,26
2019-09-19,600,90,6
2019-09-20,30,90,26
2019-09-21,1200,90,0
2019-09-22,1200,90,0
2019-09-23,600,90,3
2019-09-24,30,90,24
2019-09-25,600,90,0
2019-09-26,30,90,25
2019-09-27,600,90,0
2019-09-28,1200,90,0
2019-09-29,1200,90,0
2019-09-30,600,90,0
2019-10-01,600,90,0
2019-10-02,600,90,0
2019-10-03,600,90,7
2019-10-04,30,90,24
2019-10-05,1200,90,0
2019-10-06,1200,90,0
2019-10-07,30,90,24
2019-10-08,600,90,0
2019-10-09,600,90,0
2019-10-10,600,90,0
2019-10-11,600,90,0
2019-10-12,1200,90,0
2019-10-13,1200,90,0
2019-10-14,600,90,5
2019-10-15,600,90,4
2019-10-16,30,90,27
2019-10-17,600,90,0
2019-10-18,360,90,16
2019-10-19,1200,90,0
2019-10-20,240,90,22
2019-10-21,600,90,3
2019-10-22,600,90,0
2019-10-23,600,90,0
2019-10-24,600,90,0
2019-10-25,420,90,15
2019-10-26,1200,90,0
2019-10-27,1200,90,0
2019-10-28,30,90,23
2019-10-29,600,90,0
2019-10-30,600,90,0
2019-10-31,600,90,7
2019-11-01,600,90,0
2019-11-02,1200,90,0
2019-11-03,1200,90,0
2019-11-04,540,90,10
2019-11-05,540,90,8
2019-11-06,600,90,0
2019-11-07,600,90,3
2019-11-08,600,90,0
2019-11-09,720,90,19
2019-11-10,1200,90,1
2019-11-11,600,90,0
2019-11-12,600,90,0
2019-11-13,600,90,0
2019-11-14,600,90,0
2019-11-15,1200,90,7
2019-11-16,1200,90,0
2019-11-17,1200,90,7
2019-11-18,600,90,0
2019-11-19,600,90,0
2019-11-20,480,90,13
2019-11-21,600,90,0
2019-11-22,600,90,0
2019-11-23,1200,90,0
2019-11-24,1200,90,0
2019-11-25,600,90,0
2019-11-26,600,90,0
2019-11-27,600,90,0
2019-11-28,600,90,0
2019-11-29,30,90,28
2019-11-30,1200,90,0
2019-12-01,60,90,30
2019-12-02,600,90,3
2019-12-03,600,90,0
2019-12-04,600,90,0
2019-12-05,600,90,4
2019-12-06,600,90,0
2019-12-07,60,90,30
2019-12-08,1200,90,0
2019-12-09,600,90,0
2019-12-10,600,90,0
2019-12-11,600,90,0
2019-12-12,600,90,0
2019-12-13,600,90,0
2019-12-14,1200,90,0
2019-12-15,1080,90,10
2019-12-16,420,90,14
2019-12-17,600,90,0
2019-12-18,600,90,0
2019-12-19,540,90,10
2019-12-20,600,90,0
2019-12-21,1200,90,0
2019-12-22,1080,90,11
2019-12-23,120,90,22
2019-12-24,1200,90,0
2019-12-25,720,90,18
2019-12-26,420,90,14
2019-12-27,600,90,4
2019-12-28,720,90,19
2019-12-29,1200,90,0
2019-12-30,360,90,18
2019-12-31,600,90,0
2020-01-01,720,90,19
2020-01-02,600,90,0
2020-01-03,30,90,27
2020-01-04,1200,90,0
2020-01-05,1200,90,0
2020-01-06,30,90,25
2020-01-07,360,90,17
2020-01-08,480,90,13
2020-01-09,600,90,0
2020-01-10,600,90,0
2020-01-11,1200,90,0
2020-01-12,1200,90,0
2020-01-13,540,90,8
2020-01-14,600,90,0
2020-01-15,300,90,20
2020-01-16,600,90,0
2020-01-17,600,90,0
2020-01-18,840,90,15
2020-01-19,1200,90,0
2020-01-20,30,90,28
2020-01-21,600,90,0
2020-01-22,480,90,13
2020-01-23,600,90,0
2020-01-24,600,90,2
2020-01-25,60,90,29
2020-01-26,1200,90,0
2020-01-27,600,90,0
2020-01-28,600,90,0
2020-01-29,600,90,0
2020-01-30,420,90,14
2020-01-31,600,90,0
2020-02-01,720,90,19
2020-02-02,1200,90,0
2020-02-03,600,90,0
2020-02-04,600,90,0
2020-02-05,600,90,0
2020-02-06,600,90,0
2020-02-07,600,90,0
2020-02-08,1200,90,6
2020-02-09,1200,90,0
2020-02-10,600,90,0
2020-02-11,30,90,29
2020-02-12,600,90,0
2020-02-13,600,90,1
2020-02-14,420,90,15
2020-02-15,1200,90,6
2020-02-16,1200,90,0
2020-02-17,600,90,0
2020-02-18,360,90,19
2020-02-19,540,90,8
2020-02-20,30,90,27
2020-02-21,600,90,2
2020-02-22,1200,90,1
2020-02-23,1200,90,0
2020-02-24,30,90,28
2020-02-25,600,90,0
2020-02-26,360,90,19
2020-02-27,600,90,0
2020-02-28,600,90,7
2020-02-29,1080,90,9
2020-03-01,1200,90,0
2020-03-02,420,90,14
2020-03-03,420,90,14
2020-03-04,600,90,0
2020-03-05,300,90,20
2020-03-06,600,90,0
2020-03-07,1200,90,4
2020-03-08,1200,90,0
2020-03-09,600,90,0
2020-03-10,600,90,0
2020-03-11,600,90,0
2020-03-12,600,90,0
2020-03-13,600,90,0
2020-03-14,60,90,27
2020-03-15,1080,90,9
2020-03-16,600,90,1
2020-03-17,600,90,0
2020-03-18,30,90,30
2020-03-19,300,90,20
2020-03-20,600,90,6
2020-03-21,1200,90,0
2020-03-22,1200,90,0
2020-03-23,540,90,10
2020-03-24,600,90,0
2020-03-25,540,90,8
2020-03-26,600,90,0
2020-03-27,600,90,0
2020-03-28,1200,90,0
2020-03-29,1200,90,0
2020-03-30,30,90,26
2020-03-31,540,90,9
2020-04-01,360,90,18
2020-04-02,30,90,30
2020-04-03,600,90,0
2020-04-04,1200,90,0
2020-04-05,1200,90,4
2020-04-06,30,90,23
2020-04-07,540,90,11
2020-04-08,600,90,0
2020-04-09,540,90,10
2020-04-10,1200,90,0
2020-04-11,1200,90,0
2020-04-12,840,90,14
2020-04-13,420,90,15
2020-04-14,360,90,18
2020-04-15,540,90,11
2020-04-16,540,90,12
2020-04-17,600,90,0
2020-04-18,1200,90,0
2020-04-19,1200,90,4
2020-04-20,30,90,25
2020-04-21,1200,90,0
2020-04-22,600,90,0
2020-04-23,600,90,0
2020-04-24,360,90,19
2020-04-25,720,90,16
2020-04-26,1200,90,0
2020-04-27,600,90,1
2020-04-28,540,90,8
2020-04-29,360,90,19
2020-04-30,360,90,17
2020-05-01,1080,90,8
2020-05-02,60,90,24
2020-05-03,1200,90,0
2020-05-04,600,90,0
2020-05-05,600,90,4
2020-05-06,600,90,1
2020-05-07,30,90,23
2020-05-08,30,90,23
2020-05-09,1200,90,0
2020-05-10,1200,90,0
2020-05-11,600,90,0
2020-05-12,600,90,0
2020-05-13,600,90,0
2020-05-14,600,90,0
2020-05-15,30,90,30
2020-05-16,240,90,22
2020-05-17,60,90,29
2020-05-18,360,90,18
2020-05-19,120,90,22
2020-05-20,30,90,28
2020-05-21,600,90,0
2020-05-22,600,90,0
2020-05-23,1200,90,0
2020-05-24,1200,90,5
2020-05-25,600,90,1
2020-05-26,600,90,1
2020-05-27,600,90,0
2020-05-28,600,90,0
2020-05-29,420,90,15
2020-05-30,1200,90,0
2020-05-31,1080,90,10
2020-06-01,600,90,0
2020-06-02,600,90,0
2020-06-03,600,90,0
2020-06-04,600,90,3
2020-06-05,360,90,17
2020-06-06,60,90,26
2020-06-07,840,90,14
2020-06-08,600,90,0
2020-06-09,600,90,0
2020-06-10,600,90,0
2020-06-11,540,90,11
2020-06-12,600,90,3
2020-06-13,1200,90,0
2020-06-14,1080,90,12
2020-06-15,600,90,0
2020-06-16,540,90,12
2020-06-17,540,90,11
2020-06-18,600,90,0
2020-06-19,600,90,0
2020-06-20,1080,90,11
2020-06-21,60,90,25
2020-06-22,600,90,0
2020-06-23,600,90,0
2020-06-24,600,90,0
2020-06-25,600,90,2
2020-06-26,600,90,6
2020-06-27,1200,90,0
2020-06-28,1080,90,8
2020-06-29,30,90,23
2020-06-30,30,90,27
2020-07-01,600,90,0
2020-07-02,600,90,1
2020-07-03,30,90,24
2020-07-04,1200,90,0
2020-07-05,1200,90,0
2020-07-06,600,90,0
2020-07-07,600,90,0
2020-07-08,600,90,0
2020-07-09,360,90,19
2020-07-10,600,90,3
2020-07-11,1200,90,0
2020-07-12,960,90,13
2020-07-13,600,90,0
2020-07-14,540,90,11
2020-07-15,360,90,18
2020-07-16,600,90,7
2020-07-17,180,90,21
2020-07-18,1200,90,0
2020-07-19,1200,90,6
2020-07-20,600,90,1
2020-07-21,420,90,15
2020-07-22,420,90,15
2020-07-23,30,90,24
2020-07-24,540,90,12
2020-07-25,60,90,23
2020-07-26,1200,90,0
2020-07-27,600,90,4
2020-07-28,600,90,0
2020-07-29,600,90,0
2020-07-30,600,90,0
2020-07-31,600,90,0
2020-08-01,720,90,17
2020-08-02,1200,90,0
2020-08-03,600,90,0
2020-08-04,600,90,1
2020-08-05,600,90,0
2020-08-06,600,90,0
2020-08-07,120,90,22
2020-08-08,840,90,15
2020-08-09,1200,90,0
2020-08-10,360,90,18
2020-08-11,600,90,0
2020-08-12,600,90,0
2020-08-13,30,90,29
2020-08-14,600,90,0
2020-08-15,1200,90,0
2020-08-16,60,90,25
2020-08-17,600,90,1
2020-08-18,30,90,23
2020-08-19,600,90,0
2020-08-20,600,90,0
2020-08-21,600,90,0
2020-08-22,840,90,14
2020-08-23,1200,90,0
2020-08-24,600,90,0
2020-08-25,600,90,0
2020-08-26,600,90,0
2020-08-27,600,90,0
2020-08-28,30,90,24
2020-08-29,1200,90,0
2020-08-30,1200,90,0
2020-08-31,30,90,26
2020-09-01,300,90,20
2020-09-02,600,90,0
2020-09-03,600,90,0
2020-09-04,600,90,0
2020-09-05,1200,90,0
2020-09-06,960,90,13
2020-09-07,1200,90,0
2020-09-08,600,90,0
2020-09-09,600,90,2
2020-09-10,30,90,27
2020-09-11,600,90,0
2020-09-12,1200,90,0
2020-09-13,1200,90,0
2020-09-14,600,90,0
2020-09-15,600,90,5
2020-09-16,600,90,0
2020-09-17,30,90,26
2020-09-18,600,90,0
2020-09-19,720,90,18
2020-09-20,720,90,19
2020-09-21,600,90,0
2020-09-22,600,90,0
2020-09-23,30,90,30
2020-09-24,30,90,24
2020-09-25,600,90,0
2020-09-26,1080,90,8
2020-09-27,1200,90,0
2020-09-28,420,90,14
2020-09-29,540,90,9
2020-09-30,360,90,17
2020-10-01,420,90,15
2020-10-02,600,90,0
2020-10-03,60,90,24
2020-10-04,1200,90,4
2020-10-05,600,90,0
2020-10-06,600,90,3
2020-10-07,300,90,20
2020-10-08,600,90,0
2020-10-09,600,90,0
2020-10-10,1200,90,0
2020-10-11,600,90,20
2020-10-12,1200,90,0
2020-10-13,600,90,0
2020-10-14,600,90,0
2020-10-15,300,90,20
2020-10-16,360,90,19
2020-10-17,720,90,18
2020-10-18,1200,90,0
2020-10-19,600,90,0
2020-10-20,420,90,15
2020-10-21,600,90,7
2020-10-22,30,90,25
2020-10-23,480,90,13
2020-10-24,1200,90,5
2020-10-25,60,90,27
2020-10-26,600,90,0
2020-10-27,180,90,21
2020-10-28,30,90,29
2020-10-29,600,90,0
2020-10-30,600,90,0
2020-10-31,1200,90,0
2020-11-01,1080,90,10
2020-11-02,1200,90,0
2020-11-03,540,90,12
2020-11-04,360,90,16
2020-11-05,600,90,0
2020-11-06,600,90,0
2020-11-07,1200,90,0
2020-11-08,60,90,23
2020-11-09,420,90,14
2020-11-10,420,90,15
2020-11-11,30,90,24
2020-11-12,600,90,7
2020-11-13,600,90,0
2020-11-14,1200,90,0
2020-11-15,60,90,30
2020-11-16,600,90,0
2020-11-17,600,90,0
2020-11-18,600,90,2
2020-11-19,600,90,7
2020-11-20,30,90,30
2020-11-21,1200,90,0
2020-11-22,1200,90,0
2020-11-23,600,90,0
2020-11-24,600,90,0
2020-11-25,600,90,0
2020-11-26,600,90,0
2020-11-27,30,90,23
2020-11-28,1200,90,0
2020-11-29,1200,90,0
2020-11-30,30,90,27
2020-12-01,600,90,3
2020-12-02,540,90,10
2020-12-03,420,90,15
2020-12-04,600,90,4
2020-12-05,1200,90,3
2020-12-06,60,90,27
2020-12-07,30,90,29
2020-12-08,540,90,10
2020-12-09,600,90,0
2020-12-10,420,90,15
2020-12-11,600,90,0
2020-12-12,1200,90,0
2020-12-13,1200,90,0
2020-12-14,360,90,18
2020-12-15,30,90,29
2020-12-16,600,90,3
2020-12-17,30,90,25
2020-12-18,600,90,0
2020-12-19,1200,90,0
2020-12-20,1200,90,0
2020-12-21,540,90,10
2020-12-22,600,90,0
2020-12-23,30,90,30
2020-12-24,420,90,14
2020-12-25,1080,90,8
2020-12-26,1200,90,0
2020-12-27,60,90,29
2020-12-28,600,90,4
2020-12-29,600,90,0
2020-12-30,600,90,0
2020-12-31,600,90,0
2021-01-01,840,90,15
2021-01-02,1200,90,4
2021-01-03,1200,90,0
2021-01-04,600,90,0
2021-01-05,600,90,0
2021-01-06,600,90,0
2021-01-07,600,90,0
2021-01-08,600,90,0
2021-01-09,1200,90,0
2021-01-10,1200,90,0
2021-01-11,600,90,0
2021-01-12,600,90,0
2021-01-13,600,90,0
2021-01-14,540,90,11
2021-01-15,600,90,0
2021-01-16,600,90,20
2021-01-17,1200,90,6
2021-01-18,600,90,0
2021-01-19,180,90,21
2021-01-20,600,90,1
2021-01-21,420,90,14
2021-01-22,180,90,21
2021-01-23,1200,90,6
2021-01-24,1200,90,0
2021-01-25,600,90,0
2021-01-26,600,90,0
2021-01-27,540,90,8
2021-01-28,30,90,26
2021-01-29,600,90,0
2021-01-30,1200,90,0
2021-01-31,360,90,21
2021-02-01,600,90,0
2021-02-02,30,90,30
2021-02-03,30,90,30
2021-02-04,30,90,29
2021-02-05,600,90,0
2021-02-06,60,90,23
2021-02-07,1200,90,0
2021-02-08,600,90,0
2021-02-09,600,90,3
2021-02-10,540,90,11
2021-02-11,300,90,20
2021-02-12,600,90,0
2021-02-13,1200,90,0
2021-02-14,1200,90,0
2021-02-15,30,90,24
2021-02-16,420,90,14
2021-02-17,360,90,17
2021-02-18,600,90,0
2021-02-19,420,90,15
2021-02-20,960,90,13
2021-02-21,1200,90,0
2021-02-22,600,90,0
2021-02-23,600,90,0
2021-02-24,360,90,17
2021-02-25,600,90,0
2021-02-26,600,90,0
2021-02-27,1200,90,1
2021-02-28,720,90,17
2021-03-01,600,90,2
2021-03-02,600,90,6
2021-03-03,420,90,14
2021-03-04,30,90,25
2021-03-05,540,90,11
2021-03-06,1080,90,11
2021-03-07,1200,90,1
2021-03-08,120,90,22
2021-03-09,600,90,0
2021-03-10,540,90,9
2021-03-11,600,90,0
2021-03-12,540,90,8
2021-03-13,1200,90,0
2021-03-14,720,90,17
2021-03-15,600,90,0
2021-03-16,360,90,17
2021-03-17,600,90,0
2021-03-18,30,90,26
2021-03-19,600,90,0
2021-03-20,1200,90,0
2021-03-21,1200,90,4
2021-03-22,600,90,0
2021-03-23,360,90,18
2021-03-24,420,90,15
2021-03-25,30,90,23
2021-03-26,420,90,14
2021-03-27,360,90,21
2021-03-28,240,90,22
2021-03-29,600,90,0
2021-03-30,600,90,0
2021-03-31,600,90,0
2021-04-01,600,90,0
2021-04-02,360,90,18
2021-04-03,1200,90,0
2021-04-04,1200,90,0
2021-04-05,600,90,0
2021-04-06,600,90,0
2021-04-07,30,90,25
2021-04-08,600,90,0
2021-04-09,600,90,4
2021-04-10,1080,90,11
2021-04-11,1200,90,0
2021-04-12,30,90,30
2021-04-13,600,90,0
2021-04-14,600,90,0
2021-04-15,1200,90,0
2021-04-16,600,90,0
2021-04-17,60,90,29
2021-04-18,720,90,19
2021-04-19,540,90,12
2021-04-20,600,90,0
2021-04-21,840,90,15
2021-04-22,360,90,16
2021-04-23,600,90,0
2021-04-24,1200,90,0
2021-04-25,360,90,21
2021-04-26,540,90,12
2021-04-27,30,90,25
2021-04-28,600,90,3
2021-04-29,600,90,0
2021-04-30,540,90,8
2021-05-01,1200,90,0
2021-05-02,1200,90,0
2021-05-03,300,90,20
2021-05-04,360,90,18
2021-05-05,600,90,0
2021-05-06,600,90,0
2021-05-07,600,90,0
2021-05-08,1200,90,2
2021-05-09,1200,90,0
2021-05-10,600,90,0
2021-05-11,600,90,0
2021-05-12,300,90,20
2021-05-13,600,90,0
2021-05-14,600,90,0
2021-05-15,1200,90,0
2021-05-16,600,90,20
2021-05-17,600,90,0
2021-05-18,600,90,0
2021-05-19,600,90,3
2021-05-20,600,90,0
2021-05-21,180,90,21
2021-05-22,1200,90,0
2021-05-23,1200,90,5
2021-05-24,30,90,30
2021-05-25,480,90,13
2021-05-26,540,90,12
2021-05-27,600,90,2
2021-05-28,180,90,21
2021-05-29,1200,90,0
2021-05-30,60,90,27
2021-05-31,30,90,27
2021-06-01,600,90,0
2021-06-02,600,90,0
2021-06-03,600,90,7
2021-06-04,30,90,28
2021-06-05,1200,90,4
2021-06-06,1200,90,7
2021-06-07,600,90,0
2021-06-08,600,90,6
2021-06-09,600,90,0
2021-06-10,540,90,11
2021-06-11,600,90,0
2021-06-12,1200,90,0
2021-06-13,1200,90,1
2021-06-14,600,90,0
2021-06-15,600,90,0
2021-06-16,600,90,0
2021-06-17,600,90,0
2021-06-18,120,90,22
2021-06-19,60,90,26
2021-06-20,1200,90,0
2021-06-21,600,90,0
2021-06-22,600,90,0
2021-06-23,600,90,0
2021-06-24,600,90,0
2021-06-25,420,90,14
2021-06-26,1200,90,0
2021-06-27,1200,90,0
2021-06-28,300,90,20
2021-06-29,360,90,18
2021-06-30,600,90,0
2021-07-01,600,90,0
2021-07-02,600,90,0
2021-07-03,720,90,16
2021-07-04,1200,90,2
2021-07-05,600,90,0
2021-07-06,420,90,14
2021-07-07,60,90,25
2021-07-08,600,90,0
2021-07-09,600,90,4
2021-07-10,1200,90,0
2021-07-11,1200,90,0
2021-07-12,600,90,3
2021-07-13,600,90,0
2021-07-14,600,90,0
2021-07-15,600,90,0
2021-07-16,300,90,20
2021-07-17,1200,90,0
2021-07-18,1200,90,0
2021-07-19,420,90,14
2021-07-20,600,90,0
2021-07-21,600,90,0
2021-07-22,600,90,0
2021-07-23,30,90,24
2021-07-24,60,90,25
2021-07-25,1200,90,0
2021-07-26,600,90,0
2021-07-27,600,90,0
2021-07-28,30,90,29
2021-07-29,600,90,0
2021-07-30,600,90,0
2021-07-31,1200,90,0
2021-08-01,720,90,18
2021-08-02,420,90,15
2021-08-03,600,90,0
2021-08-04,600,90,7
2021-08-05,540,90,8
2021-08-06,480,90,13
2021-08-07,1200,90,0
2021-08-08,1080,90,11
2021-08-09,600,90,0
2021-08-10,600,90,0
2021-08-11,600,90,0
2021-08-12,600,90,0
2021-08-13,360,90,17
2021-08-14,1200,90,0
2021-08-15,1200,90,0
2021-08-16,30,90,23
2021-08-17,600,90,3
2021-08-18,600,90,6
2021-08-19,600,90,0
2021-08-20,600,90,0
2021-08-21,1080,90,9
2021-08-22,1200,90,0
2021-08-23,600,90,7
2021-08-24,30,90,26
2021-08-25,600,90,0
2021-08-26,30,90,23
2021-08-27,600,90,0
2021-08-28,60,90,26
2021-08-29,1200,90,0
2021-08-30,600,90,4
2021-08-31,300,90,20
2021-09-01,300,90,20
2021-09-02,540,90,8
2021-09-03,600,90,5
2021-09-04,1200,90,0
2021-09-05,1200,90,0
2021-09-06,540,90,10
2021-09-07,600,90,0
2021-09-08,600,90,0
2021-09-09,600,90,0
2021-09-10,300,90,20
2021-09-11,1200,90,0
2021-09-12,1200,90,0
2021-09-13,600,90,0
2021-09-14,600,90,0
2021-09-15,600,90,2
2021-09-16,600,90,0
2021-09-17,600,90,0
2021-09-18,1200,90,2
2021-09-19,1200,90,0
2021-09-20,600,90,0
2021-09-21,600,90,0
2021-09-22,600,90,0
2021-09-23,600,90,0
2021-09-24,180,90,21
2021-09-25,1080,90,9
2021-09-26,1200,90,0
2021-09-27,600,90,0
2021-09-28,600,90,0
2021-09-29,360,90,16
2021-09-30,600,90,0
2021-10-01,540,90,12
2021-10-02,1200,90,0
2021-10-03,60,90,23
2021-10-04,600,90,0
2021-10-05,600,90,0
2021-10-06,30,90,26
2021-10-07,600,90,0
2021-10-08,180,90,21
2021-10-09,1200,90,0
2021-10-10,600,90,20
2021-10-11,600,90,0
2021-10-12,720,90,17
2021-10-13,180,90,21
2021-10-14,600,90,0
2021-10-15,540,90,9
2021-10-16,1200,90,0
2021-10-17,1200,90,0
2021-10-18,30,90,23
2021-10-19,600,90,0
2021-10-20,30,90,30
2021-10-21,30,90,27
2021-10-22,600,90,0
2021-10-23,60,90,25
2021-10-24,720,90,19
2021-10-25,600,90,0
2021-10-26,360,90,17
2021-10-27,600,90,0
2021-10-28,600,90,3
2021-10-29,30,90,23
2021-10-30,1200,90,1
2021-10-31,1200,90,0
2021-11-01,30,90,23
2021-11-02,540,90,8
2021-11-03,30,90,24
2021-11-04,540,90,9
2021-11-05,600,90,0
2021-11-06,1200,90,0
2021-11-07,720,90,18
2021-11-08,600,90,6
2021-11-09,600,90,0
2021-11-10,600,90,6
2021-11-11,600,90,7
2021-11-12,420,90,15
2021-11-13,1200,90,0
2021-11-14,1200,90,6
2021-11-15,30,90,26
2021-11-16,600,90,0
2021-11-17,600,90,0
2021-11-18,600,90,6
2021-11-19,30,90,25
2021-11-20,1080,90,12
2021-11-21,960,90,13
2021-11-22,30,90,25
2021-11-23,30,90,28
2021-11-24,30,90,29
2021-11-25,540,90,11
2021-11-26,600,90,0
2021-11-27,720,90,17
2021-11-28,600,90,20
2021-11-29,600,90,0
2021-11-30,600,90,0
2021-12-01,600,90,2
2021-12-02,600,90,0
2021-12-03,30,90,24
2021-12-04,840,90,15
2021-12-05,720,90,17
2021-12-06,540,90,12
2021-12-07,600,90,4
2021-12-08,30,90,30
2021-12-09,600,90,0
2021-12-10,600,90,4
2021-12-11,1200,90,0
2021-12-12,840,90,14
2021-12-13,600,90,5
2021-12-14,600,90,7
2021-12-15,30,90,29
2021-12-16,600,90,0
2021-12-17,600,90,0
2021-12-18,1200,90,0
2021-12-19,1200,90,0
2021-12-20,600,90,0
2021-12-21,600,90,0
2021-12-22,420,90,15
2021-12-23,600,90,0
2021-12-24,600,90,0
2021-12-25,840,90,15
2021-12-26,1080,90,8
2021-12-27,600,90,0
2021-12-28,420,90,14
2021-12-29,360,90,16
2021-12-30,30,90,25
2021-12-31,600,90,0
